id,user_id,user_name,game_id,type,title,viewer_count,started_at,language,thumbnail_url,tag_ids
36397556560,60056333,Tfue,33214,live,Solo Cash Cup Into Duo Scrims,23908,2019-12-11T23:05:30Z,en,https://static-cdn.jtvnw.net/previews-ttv/live_user_tfue-{width}x{height}.jpg,['6ea6bca4-4712-4ab9-a906-e3336a9d8039']
36396770928,71092938,xQcOW,509658,live,OKOKOK LETS GO~ NIC3EEEE,22159,2019-12-11T20:53:11Z,en,https://static-cdn.jtvnw.net/previews-ttv/live_user_xqcow-{width}x{height}.jpg,"['6ea6bca4-4712-4ab9-a906-e3336a9d8039', 'ff56eeeb-99ed-4a60-93fc-0b3f05d8661e', '1eba3cfe-51cc-460a-8259-bc8bb987f904']"
36396439152,47071880,YoDa,21779,live,FREE FIRE E AS AVENTURAS DO YODISMO NO GADO PARTE 2,16013,2019-12-11T19:34:53Z,pt,https://static-cdn.jtvnw.net/previews-ttv/live_user_yoda-{width}x{height}.jpg,['39ee8140-901a-4762-bfca-8260dea1310f']
36398391296,163836275,Lord_Kebun,32982,live,Mr.Chang War | NoPixel RP | Twitter @LordKebun,15424,2019-12-12T00:57:39Z,en,https://static-cdn.jtvnw.net/previews-ttv/live_user_lord_kebun-{width}x{height}.jpg,['6ea6bca4-4712-4ab9-a906-e3336a9d8039']
36397433728,26490481,summit1g,490377,live,NEW SOT UPDATE [ @summit1g ],14548,2019-12-11T22:49:26Z,en,https://static-cdn.jtvnw.net/previews-ttv/live_user_summit1g-{width}x{height}.jpg,['6ea6bca4-4712-4ab9-a906-e3336a9d8039']
36397077584,15564828,NICKMERCS,33214,live,NAW PC Platform Cup [Game 10/10] | @NICKMERCS On All Socials !Respawn,14509,2019-12-11T21:48:44Z,en,https://static-cdn.jtvnw.net/previews-ttv/live_user_nickmercs-{width}x{height}.jpg,['6ea6bca4-4712-4ab9-a906-e3336a9d8039']
36398047424,29795919,nl_Kripp,138585,live,KRIPP DRAGON DAY 2 | Knockout King Brann https://youtu.be/JEG1fvB78Go,12860,2019-12-12T00:14:10Z,en,https://static-cdn.jtvnw.net/previews-ttv/live_user_nl_kripp-{width}x{height}.jpg,['6ea6bca4-4712-4ab9-a906-e3336a9d8039']
36399126064,36473331,coscu,509658,live,SALE ARK TODA LA NIGHT?,11945,2019-12-12T02:23:14Z,es,https://static-cdn.jtvnw.net/previews-ttv/live_user_coscu-{width}x{height}.jpg,['d4bb9c58-2141-4881-bcdc-3fe0505457d1']
36397650240,121059319,MOONMOON,24193,live,L4D2 versus | BOOMER WEEK #41,11115,2019-12-11T23:19:24Z,en,https://static-cdn.jtvnw.net/previews-ttv/live_user_moonmoon-{width}x{height}.jpg,['6ea6bca4-4712-4ab9-a906-e3336a9d8039']
36397319424,94753024,Mizkif,509658,live,EMILYS LAST DAY | !merch | Twitter/Insta: @REALmizkif | !youtube for new video | !po for PO Box,10610,2019-12-11T22:31:02Z,en,https://static-cdn.jtvnw.net/previews-ttv/live_user_mizkif-{width}x{height}.jpg,['6ea6bca4-4712-4ab9-a906-e3336a9d8039']
36397763936,77208443,jukes,21779,live,Mec Stream do JUKERA! Live teste 02,9594,2019-12-11T23:35:59Z,pt,https://static-cdn.jtvnw.net/previews-ttv/live_user_jukes-{width}x{height}.jpg,['39ee8140-901a-4762-bfca-8260dea1310f']
36398352496,26946000,Nightblue3,21779,live,NEW CHAMP SETT JUNGLE | GOODER JUNGLE ALWAYS WIN :),9173,2019-12-12T00:53:15Z,en,https://static-cdn.jtvnw.net/previews-ttv/live_user_nightblue3-{width}x{height}.jpg,['6ea6bca4-4712-4ab9-a906-e3336a9d8039']
36396684160,32140000,SypherPK,33214,live,‚ùÑÔ∏èCASH CUP NAW ‚ùÑÔ∏è!Winners !RESPAWN !MVMT,8650,2019-12-11T20:34:04Z,en,https://static-cdn.jtvnw.net/previews-ttv/live_user_sypherpk-{width}x{height}.jpg,['6ea6bca4-4712-4ab9-a906-e3336a9d8039']
36399297344,92653727,X33N,27471,live,RLCraft Grinding then Public SMP x33n.craftadia.com #Affiliated,7244,2019-12-12T02:44:29Z,en,https://static-cdn.jtvnw.net/previews-ttv/live_user_x33n-{width}x{height}.jpg,['6ea6bca4-4712-4ab9-a906-e3336a9d8039']
36398944144,66375105,Ïπ®Ï∞©Îß®,138585,live,"ÍπÄÌíç Ï£ºÌò∏ÎØº ÏûëÍ∞ÄÎãòÏùÑ Í∏∞Îã§Î¶¨Î©∞,,, Ï†ÑÏû•Ïùò Ïô∏Î°úÏö¥ ÏïºÏàò,,, +7800",6471,2019-12-12T02:01:57Z,ko,https://static-cdn.jtvnw.net/previews-ttv/live_user_zilioner-{width}x{height}.jpg,['ab2975e3-b9ca-4b1a-a93e-fb61a5d5c3a4']
36399394672,26707340,adolfz,512804,live,SBC Pack Icon hoje? Packs da loja? Time novo? Bora decidir tudo junto,6427,2019-12-12T02:57:19Z,pt,https://static-cdn.jtvnw.net/previews-ttv/live_user_adolfz-{width}x{height}.jpg,['39ee8140-901a-4762-bfca-8260dea1310f']
36396019024,31557869,dasMEHDI,32982,live,"""Brian hires the Vagos"" - NoPixel | TWITTER: @dasMEHDI",6004,2019-12-11T17:39:13Z,en,https://static-cdn.jtvnw.net/previews-ttv/live_user_dasmehdi-{width}x{height}.jpg,"['6ea6bca4-4712-4ab9-a906-e3336a9d8039', '0cb7e377-a308-44e8-91f7-07eea1d96129', 'ff56eeeb-99ed-4a60-93fc-0b3f05d8661e']"
36399094336,31239503,ESL_CSGO,32399,live,LIVE: IEM Katowice 2020 Open Qualifier - North America - Riot Squad vs Just For Fun,5923,2019-12-12T02:19:15Z,en,https://static-cdn.jtvnw.net/previews-ttv/live_user_esl_csgo-{width}x{height}.jpg,"['6ea6bca4-4712-4ab9-a906-e3336a9d8039', 'b13ce7d5-d513-49ff-a957-76f193df42aa', '1eba3cfe-51cc-460a-8259-bc8bb987f904', 'ff56eeeb-99ed-4a60-93fc-0b3f05d8661e']"
36398657344,60978448,dogdog,138585,live,Expansion stuff!,5907,2019-12-12T01:28:14Z,en,https://static-cdn.jtvnw.net/previews-ttv/live_user_dogdog-{width}x{height}.jpg,"['6ea6bca4-4712-4ab9-a906-e3336a9d8039', 'b157e8d6-b7ba-49f4-836f-09886c072f1f', '4c735b64-52ee-4637-9144-b7d8bd0b4324']"
36398794896,214560121,BrookeAB,509658,live,100 Thieves Holiday Charity Stream Presented by Totino's Pizza Rolls,5767,2019-12-12T01:44:46Z,en,https://static-cdn.jtvnw.net/previews-ttv/live_user_brookeab-{width}x{height}.jpg,['6ea6bca4-4712-4ab9-a906-e3336a9d8039']
36394123664,71190292,Trainwreckstv,417969,live,36HR nostalgic Halo 1-3 marathon on legendary - !halo | NEW !merch | twitter trainwreckstv,5628,2019-12-11T06:14:06Z,en,https://static-cdn.jtvnw.net/previews-ttv/live_user_trainwreckstv-{width}x{height}.jpg,['6ea6bca4-4712-4ab9-a906-e3336a9d8039']
36396196272,35824977,Becca,513143,live,"NEW PATCH, yolo ranked",5031,2019-12-11T18:28:50Z,en,https://static-cdn.jtvnw.net/previews-ttv/live_user_becca-{width}x{height}.jpg,['6ea6bca4-4712-4ab9-a906-e3336a9d8039']
36398749136,38251312,PaymoneyWubby,509658,live,YouTube is dead RIP,4988,2019-12-12T01:39:02Z,en,https://static-cdn.jtvnw.net/previews-ttv/live_user_paymoneywubby-{width}x{height}.jpg,['6ea6bca4-4712-4ab9-a906-e3336a9d8039']
36399451216,102619512,ÏßÄÏàòÏÜåÎÖÄ,21779,live,5Ïù∏ÌÅê Ïó∞Ïäµ,4941,2019-12-12T03:03:45Z,ko,https://static-cdn.jtvnw.net/previews-ttv/live_user_wltn4765-{width}x{height}.jpg,['ab2975e3-b9ca-4b1a-a93e-fb61a5d5c3a4']
36398400848,120244187,Aydan,33214,live,NAW Cash Cup [10/10] | Code: Aydan #AD | !giveaway !ig !yt,4699,2019-12-12T00:58:43Z,en,https://static-cdn.jtvnw.net/previews-ttv/live_user_aydan-{width}x{height}.jpg,['6ea6bca4-4712-4ab9-a906-e3336a9d8039']
36397999280,54706574,JoshOG,512710,live,"Matching EVERY gifted sub!!!!! ~~  Damascus Grind ( 33 / 39 )~~ 34"" Curved Gaming Monitor !giveaway ~~ !xfinitybits",4614,2019-12-12T00:07:40Z,en,https://static-cdn.jtvnw.net/previews-ttv/live_user_joshog-{width}x{height}.jpg,['6ea6bca4-4712-4ab9-a906-e3336a9d8039']
36397635552,7010591,UberHaxorNova,32982,live,The Final Expungement? !Dec | 20 NEW Holiday Emotes,4137,2019-12-11T23:17:02Z,en,https://static-cdn.jtvnw.net/previews-ttv/live_user_uberhaxornova-{width}x{height}.jpg,['6ea6bca4-4712-4ab9-a906-e3336a9d8039']
36399688752,76385901,elded,509658,live,GTA Y COD MOBILE (nuevo patrocinio escribe !glhf para info) || Redes: @dedreviil,4026,2019-12-12T03:36:00Z,es,https://static-cdn.jtvnw.net/previews-ttv/live_user_elded-{width}x{height}.jpg,['d4bb9c58-2141-4881-bcdc-3fe0505457d1']
36398997168,11249217,JakenbakeLIVE,509658,live,THE FULL SUSHI PRIME EXPERIENCE - Final Stream !GameChangers Japan - !YouTube !Jake !Discord - Follow @JakenbakeLIVE,3804,2019-12-12T02:07:30Z,en,https://static-cdn.jtvnw.net/previews-ttv/live_user_jakenbakelive-{width}x{height}.jpg,['6ea6bca4-4712-4ab9-a906-e3336a9d8039']
36395373632,29289159,hashinshin,21779,live,TOP STREAM,3783,2019-12-11T14:08:39Z,en,https://static-cdn.jtvnw.net/previews-ttv/live_user_hashinshin-{width}x{height}.jpg,"['6ea6bca4-4712-4ab9-a906-e3336a9d8039', 'e1a43486-eee5-4f36-9ee6-76e72af00180', '1eba3cfe-51cc-460a-8259-bc8bb987f904', '24701825-fce2-4fec-b3f6-a963950febe0']"
36396827600,57636576,IKeepItTaco,21779,live,Playing Sett on PBE. Picking Jhin if banned. !Aphelios  Duo Karasmai,3767,2019-12-11T21:04:15Z,en,https://static-cdn.jtvnw.net/previews-ttv/live_user_ikeepittaco-{width}x{height}.jpg,['6ea6bca4-4712-4ab9-a906-e3336a9d8039']
36397065728,38746172,EsfandTV,18122,live,"$10,000 WSG TOURNAMENT TOMORROW 3PM CST -- PRACTICE TODAY AND BIG AV GRIND | Method Esfand",3754,2019-12-11T21:46:30Z,en,https://static-cdn.jtvnw.net/previews-ttv/live_user_esfandtv-{width}x{height}.jpg,['6ea6bca4-4712-4ab9-a906-e3336a9d8039']
36397945792,23936415,Jerma985,235,live,Affirmative[1000x] ,3659,2019-12-12T00:01:03Z,en,https://static-cdn.jtvnw.net/previews-ttv/live_user_jerma985-{width}x{height}.jpg,['6ea6bca4-4712-4ab9-a906-e3336a9d8039']
36397070608,117379932,KingGeorge,460630,live,New !update KingGeorge !charm w/ !sub free w/ !prime @KingGeorge !twitter !youtube !insta,3557,2019-12-11T21:47:24Z,en,https://static-cdn.jtvnw.net/previews-ttv/live_user_kinggeorge-{width}x{height}.jpg,"['6ea6bca4-4712-4ab9-a906-e3336a9d8039', '2b2a4874-8a3c-4995-b9e2-2a0bce1eb536', 'e1a43486-eee5-4f36-9ee6-76e72af00180', '8486f56b-8677-44f7-8004-000295391524', '1eba3cfe-51cc-460a-8259-bc8bb987f904', 'ff56eeeb-99ed-4a60-93fc-0b3f05d8661e']"
293004241,24147592,Gotaga,497451,live,[FR] GOTAGA ‚ñ∫ ROAD TO TOP1000 [Ranked Pok√©mon],3490,2019-12-11T18:53:47Z,fr,https://static-cdn.jtvnw.net/previews-ttv/live_user_gotaga-{width}x{height}.jpg,['6f655045-9989-4ef7-8f85-1edcec42d648']
36399417664,92371909,ÌîåÎü¨Î¶¨,138585,live,C9 Flurry Ïö©ÏùòÍ∞ïÎ¶º Ìå®Ïπò,3458,2019-12-12T03:00:04Z,ko,https://static-cdn.jtvnw.net/previews-ttv/live_user_flurry1989-{width}x{height}.jpg,"['04eb0d32-9d06-487b-a55f-a0e325b008e5', 'f8d72838-f2c2-4b99-9a59-221174f6169d', 'ab2975e3-b9ca-4b1a-a93e-fb61a5d5c3a4']"
293538305,36259794,RaizQT,29307,live,üî¥ Theorycrafting for awakener race + practice,3444,2019-12-11T20:14:34Z,en,https://static-cdn.jtvnw.net/previews-ttv/live_user_raizqt-{width}x{height}.jpg,"['6ea6bca4-4712-4ab9-a906-e3336a9d8039', 'b157e8d6-b7ba-49f4-836f-09886c072f1f']"
292983217,6768122,Jahrein,509658,live,MUHTELƒ∞F OYUNLAR! | instagram.com/jahrein !t√ºrknet !t√ºrknet2,3433,2019-12-11T18:50:34Z,tr,https://static-cdn.jtvnw.net/previews-ttv/live_user_jahrein-{width}x{height}.jpg,"['2a14b52e-d459-4c92-be11-5d86b898f6b6', 'f08d5873-f0c7-4912-94ba-a41933b4c141']"
36399195088,98125665,jschlatt,23313,live,The rabbids are back,3398,2019-12-12T02:31:45Z,en,https://static-cdn.jtvnw.net/previews-ttv/live_user_jschlatt-{width}x{height}.jpg,['6ea6bca4-4712-4ab9-a906-e3336a9d8039']
36390148544,75891532,mch_AGG,32399,live,THE NEVER ENDING AGGRESSION- ULTRA DROP & MASTERCHEF - !FANTASY !SORTEIO ,3346,2019-12-10T20:31:31Z,pt,https://static-cdn.jtvnw.net/previews-ttv/live_user_mch_agg-{width}x{height}.jpg,"['39ee8140-901a-4762-bfca-8260dea1310f', '5a62e451-be48-48cd-9a28-a1f30b28c419']"
36396550480,34932688,monkeys_forever,29595,live,Trio with Gunnar and Zfreek,3186,2019-12-11T20:02:13Z,en,https://static-cdn.jtvnw.net/previews-ttv/live_user_monkeys_forever-{width}x{height}.jpg,['6ea6bca4-4712-4ab9-a906-e3336a9d8039']
36397967872,207813352,HasanAbi,509658,live,SORRY IM LATE WILL HAVE THE BEST REACTS,3178,2019-12-12T00:03:39Z,en,https://static-cdn.jtvnw.net/previews-ttv/live_user_hasanabi-{width}x{height}.jpg,"['6ea6bca4-4712-4ab9-a906-e3336a9d8039', 'ab45fcb7-a22d-4a07-b0ac-fb3940566fa7', 'cea7bc0c-75a5-4446-8743-6db031b71550', '77017b7b-6b98-4f0d-bd39-3ba96b66ec7a']"
36399293232,12338326,FORMAL,512710,live,Best POV Worldwide!!! #T2P,3123,2019-12-12T02:44:00Z,en,https://static-cdn.jtvnw.net/previews-ttv/live_user_formal-{width}x{height}.jpg,['6ea6bca4-4712-4ab9-a906-e3336a9d8039']
294406369,28575692,mistermv,513143,live,(FR) TFT nouveau patch | no cam | Gold I,3075,2019-12-12T00:31:35Z,fr,https://static-cdn.jtvnw.net/previews-ttv/live_user_mistermv-{width}x{height}.jpg,['6f655045-9989-4ef7-8f85-1edcec42d648']
36397910848,20993498,Aa9skillz,512804,live,RTG GRIND!! PACKING SOMETHING BIG BIG BIG! !Prime @AA9Skillz,3042,2019-12-11T23:56:52Z,en,https://static-cdn.jtvnw.net/previews-ttv/live_user_aa9skillz-{width}x{height}.jpg,['6ea6bca4-4712-4ab9-a906-e3336a9d8039']
36396577984,42296879,Datto,497057,live,real ritual weapon hours,3015,2019-12-11T20:08:49Z,en,https://static-cdn.jtvnw.net/previews-ttv/live_user_datto-{width}x{height}.jpg,['6ea6bca4-4712-4ab9-a906-e3336a9d8039']
36397169760,52614128,thedarkness,513319,live,MONSTRO DAS QUADRAS - n√£o pe√ßa pra mudar o jogo <3 e divirta-se,2978,2019-12-11T22:04:53Z,pt,https://static-cdn.jtvnw.net/previews-ttv/live_user_thedarkness-{width}x{height}.jpg,"['39ee8140-901a-4762-bfca-8260dea1310f', '2a14b52e-d459-4c92-be11-5d86b898f6b6']"
36399498352,4329841,harbleu,488552,live,"New Patch, New House, New Emotes, Same harb.",2962,2019-12-12T03:09:46Z,en,https://static-cdn.jtvnw.net/previews-ttv/live_user_harbleu-{width}x{height}.jpg,['6ea6bca4-4712-4ab9-a906-e3336a9d8039']
36398298576,114476906,KabajiOW,488552,live,going for rank 1 dps !GMSR !pugs,2956,2019-12-12T00:46:49Z,en,https://static-cdn.jtvnw.net/previews-ttv/live_user_kabajiow-{width}x{height}.jpg,['6ea6bca4-4712-4ab9-a906-e3336a9d8039']
36397843712,75502413,NairoMK,504461,live,Offline play with friend Baboonga! TGA tomorrow!,2863,2019-12-11T23:47:34Z,en,https://static-cdn.jtvnw.net/previews-ttv/live_user_nairomk-{width}x{height}.jpg,['6ea6bca4-4712-4ab9-a906-e3336a9d8039']
36396408784,78583120,zalae,138585,live,#1 legend or I'm a stupid noob,2826,2019-12-11T19:26:35Z,en,https://static-cdn.jtvnw.net/previews-ttv/live_user_zalae-{width}x{height}.jpg,"['6ea6bca4-4712-4ab9-a906-e3336a9d8039', 'b157e8d6-b7ba-49f4-836f-09886c072f1f', '35c4c2dc-f42a-4adc-9083-0f71422967f3', 'd9f4aac9-0ca6-4181-828b-4594725bfa0c']"
287738513,174955366,Solary,21779,live,RUSH MASSIF PRESAISON 2000‚Ç¨ | UNRANKED TO MASTER (1 SEMAINE) !rush,2776,2019-12-10T16:05:41Z,fr,https://static-cdn.jtvnw.net/previews-ttv/live_user_solary-{width}x{height}.jpg,['6f655045-9989-4ef7-8f85-1edcec42d648']
36399404160,40934651,ludwig,509658,live,BEATING POKEMON TODAY !ludlocke !PO !MERCH !poker !match,2721,2019-12-12T02:58:27Z,en,https://static-cdn.jtvnw.net/previews-ttv/live_user_ludwig-{width}x{height}.jpg,"['6ea6bca4-4712-4ab9-a906-e3336a9d8039', '81df4005-f654-40b2-9fc0-9fd767bc8e3e', '07a1b526-3725-4ba5-8c53-efaad4941fb9', '6a0c6ea2-84eb-42b1-a8bb-59fd684bfe1a']"
36397150112,177730578,Odablock,459931,live,Staking with greekgodx peepoHappy // !merch !newvid !zebt !discord,2642,2019-12-11T22:01:39Z,en,https://static-cdn.jtvnw.net/previews-ttv/live_user_odablock-{width}x{height}.jpg,['6ea6bca4-4712-4ab9-a906-e3336a9d8039']
36398439056,9679595,Grimmmz,491931,live,[!title !prime] twitter.com/MrGrimmmmz - So you thought there wasn't any raiders or boss bodyguards at the bunker....,2635,2019-12-12T01:02:04Z,en,https://static-cdn.jtvnw.net/previews-ttv/live_user_grimmmz-{width}x{height}.jpg,['6ea6bca4-4712-4ab9-a906-e3336a9d8039']
36396626048,94269217,FENGRUSH,493959,live,RED DED  - !displate ,2599,2019-12-11T20:20:15Z,en,https://static-cdn.jtvnw.net/previews-ttv/live_user_fengrush-{width}x{height}.jpg,['6ea6bca4-4712-4ab9-a906-e3336a9d8039']
36398130640,35758713,CalebDMTG,2748,live,HAPPY HOLIDAY CUBE ERRYONE,2588,2019-12-12T00:25:26Z,en,https://static-cdn.jtvnw.net/previews-ttv/live_user_calebdmtg-{width}x{height}.jpg,"['6ea6bca4-4712-4ab9-a906-e3336a9d8039', 'b157e8d6-b7ba-49f4-836f-09886c072f1f']"
294258561,20786541,Yogscast,509663,live,JINGLE JAM 2019 DAY 11 REBROADCAST!,2584,2019-12-11T23:19:19Z,en,https://static-cdn.jtvnw.net/previews-ttv/live_user_yogscast-{width}x{height}.jpg,['6ea6bca4-4712-4ab9-a906-e3336a9d8039']
36399380896,73779954,Diegosaurs,511224,live,TSM Diego // Chillin UwU,2555,2019-12-12T02:55:35Z,en,https://static-cdn.jtvnw.net/previews-ttv/live_user_diegosaurs-{width}x{height}.jpg,['6ea6bca4-4712-4ab9-a906-e3336a9d8039']
36399641296,38594688,mrfreshasian,33214,live,DUO SCRIMS || USE CODE FRESH || !emotes !socials !newvid !focus || #EpicPartner,2542,2019-12-12T03:29:25Z,en,https://static-cdn.jtvnw.net/previews-ttv/live_user_mrfreshasian-{width}x{height}.jpg,['6ea6bca4-4712-4ab9-a906-e3336a9d8039']
36399170560,30672329,Felps,503116,live,mini live divertida demais ! !!! !,2495,2019-12-12T02:28:55Z,pt,https://static-cdn.jtvnw.net/previews-ttv/live_user_felps-{width}x{height}.jpg,['39ee8140-901a-4762-bfca-8260dea1310f']
36398768192,205301469,skippypoppin,18122,live,Pvp. ,2479,2019-12-12T01:41:29Z,en,https://static-cdn.jtvnw.net/previews-ttv/live_user_skippypoppin-{width}x{height}.jpg,['6ea6bca4-4712-4ab9-a906-e3336a9d8039']
36398223680,173758090,QuarterJade,21779,live,learning top lane,2380,2019-12-12T00:37:15Z,en,https://static-cdn.jtvnw.net/previews-ttv/live_user_quarterjade-{width}x{height}.jpg,['6ea6bca4-4712-4ab9-a906-e3336a9d8039']
36397201936,36324138,Distortion2,499507,live,WTTG2 1337 Mode Speedruns,2370,2019-12-11T22:10:34Z,en,https://static-cdn.jtvnw.net/previews-ttv/live_user_distortion2-{width}x{height}.jpg,['6ea6bca4-4712-4ab9-a906-e3336a9d8039']
36397581456,63880003,Anton,491931,live,I woke up late,2359,2019-12-11T23:08:54Z,en,https://static-cdn.jtvnw.net/previews-ttv/live_user_anton-{width}x{height}.jpg,['6ea6bca4-4712-4ab9-a906-e3336a9d8039']
36397236480,415954300,NiceWigg,511224,live,"nerf aim assist, im sick and tired of poopy braind controller players doing good because they can l2 pump, i do not care, nerf it, please",2333,2019-12-11T22:16:43Z,en,https://static-cdn.jtvnw.net/previews-ttv/live_user_nicewigg-{width}x{height}.jpg,['6ea6bca4-4712-4ab9-a906-e3336a9d8039']
36398625904,20508512,Calebhart42,11988,live,FINISHING FF7 NO HEALING | @calebhart42 Twitter/IG,2306,2019-12-12T01:24:14Z,en,https://static-cdn.jtvnw.net/previews-ttv/live_user_calebhart42-{width}x{height}.jpg,"['6ea6bca4-4712-4ab9-a906-e3336a9d8039', '0cb7e377-a308-44e8-91f7-07eea1d96129', '64d9afa6-139a-48d5-ab4e-51d0a92b22de', '67259b26-ff83-444e-9d3c-faab390df16f', '7cefbf30-4c3e-4aa7-99cd-70aabb662f27', 'e659959d-392f-44c5-83a5-fb959cdbaccc']"
36394565200,25202416,Ëù¶ÊÑõÊ©òÂ≠ê,509658,live,‚è∞24hr„Äêüå∏Êñ∞Ê´ªËä±Â§ßÊà∞„Äë‚ú®ÁúãÂè∞Áç≤ÂæóË≤ºÂúñ„ÄäÂÖçË≤ª„Äã‚ú®„Äê‚è∞ËøΩÈö®ÈÄÅüéÅSwitch„Äë„ÄêFWüçäËù¶ÊÑõÊ©òÂ≠ê„Äë,2294,2019-12-11T08:33:59Z,zh,https://static-cdn.jtvnw.net/previews-ttv/live_user_shuteye_orange-{width}x{height}.jpg,"['74c92063-a389-4fd2-8460-b1bb82b04ec7', '67259b26-ff83-444e-9d3c-faab390df16f', 'a31daeb5-edc2-4b29-afa1-84c96612836d', 'ff56eeeb-99ed-4a60-93fc-0b3f05d8661e']"
294512625,52968416,AsmodaiTV,138585,live,New expansion getting Rank 1 ,2253,2019-12-12T01:44:59Z,en,https://static-cdn.jtvnw.net/previews-ttv/live_user_asmodaitv-{width}x{height}.jpg,"['6ea6bca4-4712-4ab9-a906-e3336a9d8039', 'b157e8d6-b7ba-49f4-836f-09886c072f1f', 'd00713db-08bb-40cc-90ca-1026ed54121f', '8218a865-e965-4f63-b62b-7e7dffe4e30f']"
36399395984,92372244,Annoying,513319,live,RUNNING COMP STAGE THEN WAGERS LATER !sub,2241,2019-12-12T02:57:27Z,en,https://static-cdn.jtvnw.net/previews-ttv/live_user_annoying-{width}x{height}.jpg,['6ea6bca4-4712-4ab9-a906-e3336a9d8039']
36399660512,29722828,NeVeR_LosEs,21779,live, FW NL -   LOL,2176,2019-12-12T03:32:02Z,zh,https://static-cdn.jtvnw.net/previews-ttv/live_user_never_loses-{width}x{height}.jpg,['74c92063-a389-4fd2-8460-b1bb82b04ec7']
36398663440,235835559,mayahiga,509658,live,"let's be cozy and watch nature documentaries :)  !curiositystream Use code ""mayahiga"" #ad",2143,2019-12-12T01:28:56Z,en,https://static-cdn.jtvnw.net/previews-ttv/live_user_mayahiga-{width}x{height}.jpg,['6ea6bca4-4712-4ab9-a906-e3336a9d8039']
36399001008,421838340,sashagrey,115977,live,Chill & More Witcher #subgoal 200 for !giveaway. |@sashagrey on socials everywhere ,2140,2019-12-12T02:07:57Z,en,https://static-cdn.jtvnw.net/previews-ttv/live_user_sashagrey-{width}x{height}.jpg,['6ea6bca4-4712-4ab9-a906-e3336a9d8039']
293951025,50237189,RatedEpicz,32982,live,NoPixel | Randy Bullet Chang Gang | !Displate !Nord | GTA V RP,2125,2019-12-11T21:37:50Z,en,https://static-cdn.jtvnw.net/previews-ttv/live_user_ratedepicz-{width}x{height}.jpg,['6ea6bca4-4712-4ab9-a906-e3336a9d8039']
36399243584,4073179,shofu,497451,live,Master Ball Tier Laddering - Nothing but W's today !merch,2119,2019-12-12T02:37:40Z,en,https://static-cdn.jtvnw.net/previews-ttv/live_user_shofu-{width}x{height}.jpg,['6ea6bca4-4712-4ab9-a906-e3336a9d8039']
36398456096,69906737,chocoTaco,510044,live,TSM chocoTaco || professional grenade catcher,2117,2019-12-12T01:03:51Z,en,https://static-cdn.jtvnw.net/previews-ttv/live_user_chocotaco-{width}x{height}.jpg,"['6ea6bca4-4712-4ab9-a906-e3336a9d8039', '2a14b52e-d459-4c92-be11-5d86b898f6b6']"
36398994480,63164470,ANGRYPUG,491487,live,Retiring HeadOn for now  . . PepeHams,2107,2019-12-12T02:07:15Z,en,https://static-cdn.jtvnw.net/previews-ttv/live_user_angrypug-{width}x{height}.jpg,['6ea6bca4-4712-4ab9-a906-e3336a9d8039']
36398766864,29899360,StaysafeTV,18122,live,Rank 8 Warlock - AV / WSG Premades,2076,2019-12-12T01:41:17Z,en,https://static-cdn.jtvnw.net/previews-ttv/live_user_staysafetv-{width}x{height}.jpg,['6ea6bca4-4712-4ab9-a906-e3336a9d8039']
36397780496,149727725,DuelLinksMeta,494508,live,New Box TODAY! + $200 Tournament! Assault Mode Support! Zombie Samurais!,2071,2019-12-11T23:38:23Z,en,https://static-cdn.jtvnw.net/previews-ttv/live_user_duellinksmeta-{width}x{height}.jpg,"['6ea6bca4-4712-4ab9-a906-e3336a9d8039', '1eba3cfe-51cc-460a-8259-bc8bb987f904', '3bbf3e11-717e-46af-aec3-37e4f9216db4', '6606e54c-f92d-40f6-8257-74977889ccdd', '8486f56b-8677-44f7-8004-000295391524']"
36398205344,73516344,Bustin,21779,live,Trying Sett !!üî¥Giving Away E-Girls   - Low Elo Commentary + Ranked!    !Patreon  !Social,2070,2019-12-12T00:34:57Z,en,https://static-cdn.jtvnw.net/previews-ttv/live_user_bustin-{width}x{height}.jpg,"['6ea6bca4-4712-4ab9-a906-e3336a9d8039', 'ac763b17-7bea-4632-9eb4-d106689ff409']"
36399300336,105792242,dropoutlive,509577,live,Dimension 20 Live! Sophomore Year at Fantasy High: Episode 8,2060,2019-12-12T02:44:55Z,en,https://static-cdn.jtvnw.net/previews-ttv/live_user_dropoutlive-{width}x{height}.jpg,"['6ea6bca4-4712-4ab9-a906-e3336a9d8039', '0cb7e377-a308-44e8-91f7-07eea1d96129', 'd6bf03b8-42f4-4981-b070-841c7457a9aa']"
36397971936,56865374,BarbarousKing,1229,live,Bring on the PAIN baby - Kaizo 2,1997,2019-12-12T00:04:07Z,en,https://static-cdn.jtvnw.net/previews-ttv/live_user_barbarousking-{width}x{height}.jpg,"['6ea6bca4-4712-4ab9-a906-e3336a9d8039', '7cefbf30-4c3e-4aa7-99cd-70aabb662f27']"
36399377440,74505272,keanelol,513143,live,"TSM Keane - 3x challenger, NA ranked 302lp start !discord !overlay !video
",1967,2019-12-12T02:55:08Z,en,https://static-cdn.jtvnw.net/previews-ttv/live_user_keanelol-{width}x{height}.jpg,['6ea6bca4-4712-4ab9-a906-e3336a9d8039']
294570801,474748112,tcyganka,498566,live,üî• CASINO ONLINE üî• BONUS19.COM,1951,2019-12-12T02:27:24Z,en,https://static-cdn.jtvnw.net/previews-ttv/live_user_tcyganka-{width}x{height}.jpg,['6ea6bca4-4712-4ab9-a906-e3336a9d8039']
36397163456,23524577,Swifty,18122,live,Swifty  Fury Finally / Lets go! AV all night  / Anathema Server (New),1929,2019-12-11T22:03:47Z,en,https://static-cdn.jtvnw.net/previews-ttv/live_user_swifty-{width}x{height}.jpg,"['6ea6bca4-4712-4ab9-a906-e3336a9d8039', '8486f56b-8677-44f7-8004-000295391524', 'aeab850d-94ec-4af5-89a0-9eb1bf41558d', '67259b26-ff83-444e-9d3c-faab390df16f', 'cc8d5abb-39c9-4942-a1ee-e1558512119e', 'cea7bc0c-75a5-4446-8743-6db031b71550']"
36397258016,41283727,theRealShooKon3,509658,live,Day 20/30 - Wounded - Surviving Fraser Island !liz !watchdiss !stingray !zipline !rabbitfish !sweetlip - Twitter/Instagram @theRealShooKon3,1905,2019-12-11T22:20:30Z,en,https://static-cdn.jtvnw.net/previews-ttv/live_user_therealshookon3-{width}x{height}.jpg,"['6ea6bca4-4712-4ab9-a906-e3336a9d8039', 'db2a18b3-3800-4949-9454-4ef1851b9895', 'a6ff589a-33e5-4caf-8286-29dea98fc2e2', 'a4fac2cc-7cd4-44a6-b620-178182389a5b', '26301bb2-91a3-4272-8a9b-5bcea6db0fcd']"
36399430416,111518512,THump,33214,live,FINAL STREAM BEFORE RETIREMENT (NEARING RETIREMENT AGE) !socials,1901,2019-12-12T03:01:21Z,en,https://static-cdn.jtvnw.net/previews-ttv/live_user_thump-{width}x{height}.jpg,['6ea6bca4-4712-4ab9-a906-e3336a9d8039']
36398260496,39724467,Swagg,512710,live,MAX RANK 155! WORLD RECORD HOLDER! (HIGHEST KILLSTREAK) - Ranked #7 for Kills! | !prime !sub,1893,2019-12-12T00:42:02Z,en,https://static-cdn.jtvnw.net/previews-ttv/live_user_swagg-{width}x{height}.jpg,['6ea6bca4-4712-4ab9-a906-e3336a9d8039']
36398951248,26551727,mang0,16282,live,mang0 axe wednesday .. Tell ur friends,1877,2019-12-12T02:02:36Z,en,https://static-cdn.jtvnw.net/previews-ttv/live_user_mang0-{width}x{height}.jpg,"['6ea6bca4-4712-4ab9-a906-e3336a9d8039', '2a14b52e-d459-4c92-be11-5d86b898f6b6']"
36398796192,27992608,Pikabooirl,18122,live,Pikaboo - Winter Vacation has started!,1870,2019-12-12T01:44:57Z,en,https://static-cdn.jtvnw.net/previews-ttv/live_user_pikabooirl-{width}x{height}.jpg,['6ea6bca4-4712-4ab9-a906-e3336a9d8039']
36399651856,149188013,Í∞ïÏßÄ,509658,live,Ïñ¥Ïúº~,1859,2019-12-12T03:30:51Z,ko,https://static-cdn.jtvnw.net/previews-ttv/live_user_rkdwl12-{width}x{height}.jpg,['ab2975e3-b9ca-4b1a-a93e-fb61a5d5c3a4']
36389000832,456058546,anahix_11,,live,,1841,2019-12-10T15:15:13Z,en,https://static-cdn.jtvnw.net/previews-ttv/live_user_anahix_11-{width}x{height}.jpg,['6ea6bca4-4712-4ab9-a906-e3336a9d8039']
36397340336,37522866,cyr,32982,live,Uchiha Jones | NoPixel,1819,2019-12-11T22:34:26Z,en,https://static-cdn.jtvnw.net/previews-ttv/live_user_cyr-{width}x{height}.jpg,['6ea6bca4-4712-4ab9-a906-e3336a9d8039']
36397351264,95873995,Ramee,32982,live,Ramee | NoPixel | !IronsidePC !GFuel !NordVPN !Twitter !Youtube | Chang Gang,1811,2019-12-11T22:36:09Z,en,https://static-cdn.jtvnw.net/previews-ttv/live_user_ramee-{width}x{height}.jpg,['6ea6bca4-4712-4ab9-a906-e3336a9d8039']
36398386544,235511568,wavyjacob,33214,live,Solo Cash Cup 70 points (game 10) | !duo !yt !twitter,1786,2019-12-12T00:57:10Z,en,https://static-cdn.jtvnw.net/previews-ttv/live_user_wavyjacob-{width}x{height}.jpg,['6ea6bca4-4712-4ab9-a906-e3336a9d8039']
36397223328,38881685,boxbox,495202,live,fire emblem maddening hardcore run day 3,1780,2019-12-11T22:14:30Z,en,https://static-cdn.jtvnw.net/previews-ttv/live_user_boxbox-{width}x{height}.jpg,['6ea6bca4-4712-4ab9-a906-e3336a9d8039']
36396713392,112822444,Shotz,32982,live,Vinny Pistone | NoPixel | It's the Holiday season let's match subs today | !VBI !Gfuel !Merch,1775,2019-12-11T20:40:32Z,en,https://static-cdn.jtvnw.net/previews-ttv/live_user_shotz-{width}x{height}.jpg,['6ea6bca4-4712-4ab9-a906-e3336a9d8039']
36399775888,63602976,SkipNhO,513319,live,"NBA pq HJ estou HYPADO !!!
üåã !greenjetbonus",1772,2019-12-12T03:48:56Z,pt,https://static-cdn.jtvnw.net/previews-ttv/live_user_skipnho-{width}x{height}.jpg,['39ee8140-901a-4762-bfca-8260dea1310f']
36397349568,156961894,TheRealBlackoutZ,33214,live,SCRIM DUO COM TORORO | CODE BLACKOUTZ #ad,1766,2019-12-11T22:35:54Z,pt,https://static-cdn.jtvnw.net/previews-ttv/live_user_therealblackoutz-{width}x{height}.jpg,['39ee8140-901a-4762-bfca-8260dea1310f']
36399788480,181077473,gaules,32399,live,Major no Brasil - Mudan√ßas MIBR - Blast HYPE Port√µes Abrem 8am para as Finais - Ingressos por Gaupoints? -  - Novos itens na loja - !Sorteio,1755,2019-12-12T03:50:58Z,pt,https://static-cdn.jtvnw.net/previews-ttv/live_user_gaules-{width}x{height}.jpg,"['39ee8140-901a-4762-bfca-8260dea1310f', 'bb5e7234-380e-48ad-a59c-03e51274e478', '1eba3cfe-51cc-460a-8259-bc8bb987f904', 'ff56eeeb-99ed-4a60-93fc-0b3f05d8661e', '8486f56b-8677-44f7-8004-000295391524']"
